positives,negatives,fps,fns,tps,tns,precision,recall
874,946,1,3,10,6,0.9090909090909091,0.7692307692307693
