positives,negatives,fps,fns,tps,tns,precision,recall
118,187,0,8,10,12,1,0.555555556
112,193,1,7,16,5,0.941176471,0.695652174
277,28,6,2,20,2,0.769230769,0.909090909
199,106,2,2,14,12,0.875,0.875
187,118,1,1,16,12,0.941176471,0.941176471
,,,,,,,
,,,,,,,
avg,avg,,,,,,
178.6,126.4,,,,,,
